{"cameraMode":{"drawMode":0,"name":"Shaded","section":"Shading Mode"},"sceneLighting":false,"audioPlay":false,"sceneViewState":{"m_AlwaysRefresh":false,"showFog":true,"showSkybox":false,"showFlares":true,"showImageEffects":true,"showParticleSystems":true,"showVisualEffectGraphs":true,"m_FxEnabled":true},"in2DMode":false,"pivot":{"x":29.959449768066408,"y":5.73658561706543,"z":-12.502035140991211},"rotation":{"x":-0.011143446899950505,"y":-0.8442426323890686,"z":0.017815720289945604,"w":-0.5362876057624817},"size":22.120567321777345,"orthographic":false}